Id|Name|Company|Address1|Address2|Address3|Address4|Country
1|Maria Burg|Deutsche Bank Filiale|Taunusanlage 12|60325 Frankfurt am Main|||Germany
2|Maria Burg|Deutsche Bank Filiale|Berger Str. 130|60385 Frankfurt am Main|||DEUTSCHLAND
3|Jaroslav Holzreiter|Deutsche Bank|Frankfurter Str. 13a|61476 Kronberg im Taunus|||Germany
4|Oswald Braun|Hotel Sofitel Berlin Gendarmenmarkt|Charlottenstrasse 50-52|10117 Berlin|||Germany
5|Helene Weber|Alt Berliner Biersalon|Kurfürstendamm 225/226|10719 Berlin|||Germany
6|Frau R. Unger|Restaurant Rienäcker|Landgrafenstraße 4|10787 Berlin|||Germany
7|Herbert Klopp|Deutsche Post Filiale|Eisenacher Str. 86|10781 Berlin|||Germany
8|Freidreich Gregor|Carathotel Düsseldorf Altstadt|Benrather Str. 7A|40213 Düsseldorf|||DEU
9|Christine Mueller|Münstermanns Bistro Kontor|Hohe Str. 11|40213 Düsseldorf|||Germany
10|Rudolf Ebner|Hotel Berolina an der Gedaechtniskirche|Rankestraße 35|10789 Berlin|||Germany
11|Herr Jan Oefferbauer|BayArena Gmbh|Bismarckstraße 122-124|51373 Leverkusen|||Germany
12|Heinrich Brandl|BayArena|Bismarckstraße 122-124|51373 Leverkusen|||Germany
13|Eduard Schrom|BayArena|Bismarckstraße 122-124|51373 Leverkusen|||Germany
14|Monnika Vogl|Am Westfalenstadion|Strobelallee 50| 44139 Dortmund|||Germany
15|Monnika Vogl|Grimms|Sonnenstraße 23|80331 München|||Germany
16|John Smith|Postbank Finanzcenter|Alter Hof 6-7|80331 München|||Germany
17|Herr Claus Sumner|Postbank Finanzcenter|Sonnenstraße 24|80331 München|||Germany
18|Claus sumner|Postbank Finanzcenter|Sonnen Str. 24|80331 München|||DEU
19|John Hoerner|Deutsche Bank Filiale|Berger Straße 130|60385 Frankfurt Am Main|||Germany
20|Silvia Hawel|TSV Hertingshausen|Auf der Heide 7A| 34225 Baunatal|||Germany
21|Anna Zweib|Café Bricelta|Kreuzstraße 3A|80331 München|||Germany
22|Cierra Sotelo|Hotel Ismael 312|Ismael Valdés Vergara 312|Santiago|Región Metropolitana||Chile
23|Dr. Cierra Sotelo|Hotel Ismael 312|Ismael Valdés Vergara 312|Santiago|Región Metropolitana||Chile
24|Cesara Paz|Hotel Ismael 312|Ismael Valdés Vergara 312|Santiago|Región Metropolitana||Chile
25|Damian Perales|Lastarria Hotel|Merced 294|Santiago|Región Metropolitana||Chile
26|"Perales, D."|Lastarria Hotel|Merced 294|Santiago|Región Metropolitana||Chile
27|Martino Muniz|Comunidad Edificio Barrío Brasil|Calle Compania de Jesus 2045|Santiago|Región Metropolitana||Chile
28|Senor Martino Munez|Hotel Boutique Castillo Rojo|Calle Constitucion 195|Santiago|Región Metropolitana||Chile
29|Reina Ossa|Portal de Melipilla|Ortúzar 224|Melipilla|Región Metropolitana||Chile
30|Artura Messa|Hotel Los Carreras|Calle Silva Chávez 1080|Melipilla|Región Metropolitana||Chile
31|Carola Silvera|Hotel Los Carreras|Cl Silva Chávez 1080|Melipilla|Región Metropolitana||CL
32|Juan Pizzi|Hotel Los Troncos|Avenida Ortúzar 55|Melipilla|Región Metropolitana||Chile
33|Juan Antonio Pizzi|Hotel Los Troncos|Avenida Ortúzar 55|Melipilla|Región Metropolitana||Chile
34|Herr Jürgen Smithe |Deutsche Bank GmbH|Suite 5|Berger Str. 130|60385 Frankfurt Am Main|| DEU
35|PHILIPP LAHM|FC Bayern München AG|Säbener Straße 51-57|81547|München|| DEU
36|PHIL LAHM|Bayern München|Säbener Str 51-57|81547 Münich|||Germany
37|Mr.  J. Smithe|Deutsche Bank Ltd.|Berger Straße 130|60385|Frankfurt Am Main|| DE
38|Jürgen Smith|Deutsche Bank |BergerStr 130| 60385 Frankfurt|||Germany
39|Fräulein ERNA Keller||BÜRGERSTR. 2|DÜSSELDORF|40219|| DEU
40|Elsa Johansson|Nordea|Östra Drottningvägen 51|522 33 TIdaholm|||Sweden
41|Alice Andersson|Swedbank|Pargasgatan 42|164 71 Stockholm|||SE
42|Maja Karlsson|Volvo|Paskvagen 10|86334 Sundsvall|||Sweden
43|Agnes Nilsson|Ericsson|Pennygången 42|414 82 Göteborg|||Sweden
44|Lilly Persson|Skanska|Pontonjärgatan 43|11237 Stockholm|||SE
45|Olivia Svensson|Investor|Nordingrågatan 16|16253 Vällingby|||Sweden
46|Julia Hansson|Tele2|Oskarsvagen 12a|93140 Skelleftea|||SE
47|Jon Gustafsson|Autoliv|Paradisgränd 6|51350 Sparsör|||Sweden
48|Emma Jensen|A.P. Møller-Maersk|Herstedvang 7|2620 Albertslund|||Denmark
49|Tobias Nielsen|Novo Nordisk|Brohusgade 11. St. Th|2200 København|||Denmark
50|Julie Hansen|Danske Bank|Fibigerstraede 14|9220 Aalborg|||Denmark
51|Ida Pedersen|Carsberg Group|Bogensevej 85|5471 Søndersø|||Denmark
52|Marie Olsen|TDC A/S|Egelunden 27|2635 Ishøj|||DK
53|Andreas Rasmussen|Coloplast|Engvangen 6|2680 Solro Strand|||DK
54|Kasper Holm|Novozymes|Fuglsangsvej  20|7400 Herning|||Denmark
55|Daniel Clausen|Vestas|Asnæsvej 16|4400 Kalundborg|||Denmark
56|Christine Mueller|Glock Ges.m.b.H|SEIDENGASSE 9-11|1070 VIENNA|||Austria
57|Victoria Gruber|Kika|REICHENHAUS 3|9342 GURK|||AT
58|Stefan Eder|AKG Acoustics|ROSSAUER LAENDE 1|1090 VIENNA|||Austria
59|Lukas Leitner|Lyoness|SAAZ 65|8341 PALDAU|||Austria
60|Dominik Wolf|Pfanner|SONNWENDGASSE 21|1100 VIENNA|||AT
61|Laura Koller|Stroh|Pletzensiedlung 319|3920 Gross Gerungs|||Austria
62|Sophie Schmidt|Red Bull GmbH|Gerasdorferstr. 338|2201 Gerasdorf|||Austria
63|Magdalena Auer|Swarovski|Eduard-Richtergasse 13|8010 Graz|||Austria
